{
  "start": [
    {
      "action": "jump; level1"
    }
  ],
  "level1": [
    {
      "action": "emit; level1_prepare",
      "signal_wait": "event_finished"
    },
    {
      "action": "say; Where am I...?!",
      "signal_wait": "speech_finished"
    },
    {
      "action": "say; Hmm, look like an emergency room, isn't it?",
      "signal_wait": "speech_finished"
    },
    {
      "action": "say; Oh, I came to the hospital days ago...",
      "signal_wait": "speech_finished"
    },
    {
      "action": "say; So thirsty!",
      "signal_wait": "speech_finished",
      "auto_dismiss_sec": 0.2
    },
    {
      "action": "emit; level1_begin"
    },
    {
      "action": "select;",
      "value": [
        "level1_fail",
        "level1_success"
      ],
      "signal_wait": "option_selected"
    }
  ],
  "level1_fail": [
    {
      "action": "emit; level1_fail"
    },
    {
      "action": "say; Must be a dream. Let's sleep again!",
      "signal_wait": "speech_finished"
    },
    {
      "action": "say; Noone take care of you and you died of dehydration",
      "signal_wait": "speech_finished",
      "auto_dismiss_sec": 0.5
    },
    {
      "action": "emit; gameover"
    }
  ],
  "level1_success": [
    {
      "action": "emit; level1_success"
    },
    {
      "action": "say; Let's go around to find some drink",
      "signal_wait": "speech_finished"
    },
    {
      "action": "jump; level2"
    }
  ],
  "level2": [
    {
      "action": "emit; level2_prepare",
      "signal_wait": "event_finished"
    },
    {
      "action": "say; Ah, a vending machine...!!",
      "signal_wait": "speech_finished"
    },
    {
      "action": "say; Is it still working?",
      "signal_wait": "speech_finished",
      "auto_dismiss_sec": 0.2
    },
    {
      "action": "emit; level2_begin"
    },
    {
      "action": "select;",
      "value": [
        "level2_fail",
        "level2_success"
      ],
      "signal_wait": "option_selected"
    }
  ],
  "level2_fail": [
    {
      "action": "emit; level2_fail",
      "signal_wait": "event_finished"
    },
    {
      "action": "say; The malfunctioned machine explodes and you die",
      "signal_wait": "speech_finished",
      "auto_dismiss_sec": 0.5
    },
    {
      "action": "emit; gameover"
    }
  ],
  "level2_success": [
    {
      "action": "emit; level2_success",
      "signal_wait": "event_finished"
    },
    {
      "action": "say; You smash the machine and get a bottle of beer",
      "signal_wait": "speech_finished"
    },
    {
      "action": "say; I wonder where everybody is?",
      "auto_dismiss_sec": 0.05
    },
    {
      "action": "jump; level3"
    }
  ],
  "level3": [
    {
      "action": "emit; level3_prepare",
      "signal_wait": "event_finished"
    },
    {
      "action": "say; *Cough* *Cough* **Breathe heavily...**",
      "signal_wait": "speech_finished",
      "auto_dismiss_sec": 0.2
    },
    {
      "action": "emit; level3_begin"
    },
    {
      "action": "select;",
      "value": [
        "level3_fail",
        "level3_success"
      ],
      "signal_wait": "option_selected"
    }
  ],
  "level3_fail": [
    {
      "action": "emit; level3_fail",
      "signal_wait": "event_finished"
    },
    {
      "action": "say; The face mask has tons of virus and you are infected",
      "signal_wait": "speech_finished",
      "auto_dismiss_sec": 0.5
    },
    {
      "action": "emit; gameover"
    }
  ],
  "level3_success": [
    {
      "action": "emit; level3_success",
      "signal_wait": "event_finished"
    },
    {
      "action": "say; * Safe and sound with the gas mask *",
      "signal_wait": "speech_finished",
      "auto_dismiss_sec": 0.5
    },
    {
      "action": "say; I smell ... something wrong!",
      "auto_dismiss_sec": 0.05
    },
    {
      "action": "jump; level4"
    }
  ],
  "level4": [
    {
      "action": "emit; level4_prepare",
      "signal_wait": "event_finished"
    },
    {
      "action": "say; Wait, wow wow!! who's that crazy snot-guy?!",
      "signal_wait": "speech_finished",
      "auto_dismiss_sec": 0.2
    },
    {
      "action": "emit; level4_begin"
    },
    {
      "action": "select;",
      "value": [
        "level4_fail",
        "level4_success"
      ],
      "signal_wait": "option_selected"
    }
  ],
  "level4_fail": [
    {
      "action": "emit; level4_fail",
      "signal_wait": "event_finished"
    },
    {
      "action": "say; The brick makes him angry and he tears you into parts",
      "signal_wait": "speech_finished",
      "auto_dismiss_sec": 0.5
    },
    {
      "action": "emit; gameover"
    }
  ],
  "level4_success": [
    {
      "action": "emit; level4_success",
      "signal_wait": "event_finished"
    },
    {
      "action": "say; And the paper got stuck in his throat",
      "signal_wait": "speech_finished",
      "auto_dismiss_sec": 0.5
    },
    {
      "action": "say; I wonder what happened?"
    },
    {
      "action": "jump; level5"
    }
  ],
  "level5": [
    {
      "action": "emit; level5_prepare",
      "signal_wait": "event_finished"
    },
    {
      "action": "say; Shtt! a wound on my hand...",
      "signal_wait": "speech_finished"
    },
    {
      "action": "say; That man scratched me, didn't he? I may be infected!!",
      "signal_wait": "speech_finished"
    },
    {
      "action": "say; Need something to cure me",
      "signal_wait": "speech_finished",
      "auto_dismiss_sec": 0.2
    },
    {
      "action": "emit; level5_begin"
    },
    {
      "action": "select;",
      "value": [
        "level5_fail",
        "level5_success"
      ],
      "signal_wait": "option_selected"
    }
  ],
  "level5_fail": [
    {
      "action": "emit; level5_fail",
      "signal_wait": "event_finished"
    },
    {
      "action": "say; You injected the unknown drug and was poisonous",
      "signal_wait": "speech_finished",
      "auto_dismiss_sec": 0.5
    },
    {
      "action": "emit; gameover"
    }
  ],
  "level5_success": [
    {
      "action": "emit; level5_success",
      "signal_wait": "event_finished"
    },
    {
      "action": "say; Clean out the wound with the vodka!!",
      "signal_wait": "speech_finished",
      "auto_dismiss_sec": 0.5
    },
    {
      "action": "jump; level6"
    }
  ],
  "level6": [
    {
      "action": "emit; level6_prepare",
      "signal_wait": "event_finished"
    },
    {
      "action": "say; The entrance is locked down...",
      "signal_wait": "speech_finished"
    },
    {
      "action": "say; Need to do something...",
      "signal_wait": "speech_finished",
      "auto_dismiss_sec": 0.2
    },
    {
      "action": "emit; level6_begin"
    },
    {
      "action": "select;",
      "value": [
        "level6_fail",
        "level6_success"
      ],
      "signal_wait": "option_selected"
    }
  ],
  "level6_fail": [
    {
      "action": "say; I will dig through the entrance"
    },
    {
      "action": "emit; level6_fail",
      "signal_wait": "event_finished"
    },
    {
      "action": "say; The building is collapsed and you are buried underneath",
      "signal_wait": "speech_finished",
      "auto_dismiss_sec": 0.5
    },
    {
      "action": "emit; gameover"
    }
  ],
  "level6_success": [
    {
      "action": "emit; level6_success",
      "signal_wait": "event_finished"
    },
    {
      "action": "say; You jump out the window and escape!",
      "signal_wait": "speech_finished",
      "auto_dismiss_sec": 0.5
    },
    {
      "action": "emit; gameover"
    }
  ]
}